topic_id,original_title,display_title,original_chars,display_chars
PSY-SLP-001,自分に必要な睡眠時間はどう見極める？,睡眠時間は何時間必要？,18,11
PSY-SLP-002,朝の光と夜の明るさは体内時計にどう関わる？,朝の光と体内時計,21,8
PSY-SLP-003,夜型は怠けなのか？クロノタイプと社会的時差,夜型は怠けなのか,21,8
PSY-SLP-004,コーヒーは何時まで？カフェインと睡眠の個人差,コーヒーは何時まで？,22,10
PSY-SLP-005,寝酒で眠れるのに、睡眠の質は下がるのか？,寝酒と睡眠の質,20,7
PSY-SLP-006,昼寝は味方か、夜の睡眠の敵か？,昼寝は夜の睡眠を妨げる？,15,12
PSY-SLP-007,休日の寝だめで平日の睡眠不足は取り戻せる？,寝だめで睡眠不足は補える？,21,13
PSY-SLP-008,眠ろうと頑張るほど眠れないのはなぜ？,眠ろうとすると眠れない理由,18,13
PSY-SLP-009,眠いのに寝ない：就寝先延ばしはなぜ起きる？,眠いのに寝ないのはなぜ？,21,12
PSY-SLP-010,睡眠アプリの点数はどこまで信じてよい？,睡眠アプリは信頼できる？,19,12
PSY-GEN-001,性格には遺伝がどれくらい影響する？,性格と遺伝の関係,17,8
PSY-GEN-002,遺伝率50％は『あなたの半分が遺伝で決まる』ではない,遺伝率50％の意味,26,9
PSY-GEN-003,一卵性双生児の研究から何が分かり、何が分からない？,双子の研究で分かること,25,11
PSY-GEN-004,同じ家庭で育ったきょうだいの性格が違うのはなぜ？,きょうだいで性格が違う理由,24,13
PSY-GEN-005,遺伝の影響が強い特徴でも、環境で変わる？,遺伝の影響は変えられる？,20,12
PSY-GEN-006,人は自分の性格に合う環境を選んでいる？,性格に合う環境を選ぶ心理,19,12
PSY-GEN-007,市販の遺伝子検査で性格や向いている仕事が分かる？,遺伝子検査で適職は分かる？,24,13
PSY-GEN-008,『性格を決める一つの遺伝子』という説明は妥当？,性格を決める遺伝子はある？,23,13
PSY-GEN-009,ストレス体験はエピジェネティクスで次世代に伝わる？,ストレスは次世代に伝わる？,25,13
PSY-GEN-010,生まれつきの気質と、育ってからの性格はどう違う？,気質と性格の違い,24,8
PSY-ADD-001,なぜ人はタバコをやめにくくなるのか？,タバコをやめにくい理由,18,11
PSY-ADD-002,食後や休憩中に吸いたくなる：場所と合図の力,食後にタバコを吸いたくなる理由,21,15
PSY-ADD-003,禁煙すると集中できないのはなぜ？,禁煙中に集中できない理由,16,12
PSY-ADD-004,タバコでストレスが減るという感覚をどう理解する？,タバコでストレスは減る？,24,12
PSY-ADD-005,禁煙中に眠りにくくなることはある？,禁煙中の眠りにくさ,17,9
PSY-ADD-006,禁煙は根性だけより、支援を組み合わせる方がよい？,禁煙を支える方法,24,8
PSY-ADD-007,一度吸ってしまったら禁煙は失敗なのか？,一本吸ったら禁煙は失敗？,19,12
PSY-ADD-008,ドーパミンは本当に『快楽物質』なのか？,ドーパミンは快楽物質？,19,11
PSY-ADD-009,ギャンブルの『次こそ当たる』はなぜ強い？,ギャンブルの「次こそ」の心理,20,14
PSY-ADD-010,スマホの使いすぎと依存症は同じなのか？,スマホの使いすぎと依存症,19,12
PSY-HAB-001,習慣は21日で身につく？必要な期間の個人差,習慣は何日で身につく？,21,11
PSY-HAB-002,続けたい行動には『いつ・どこで』を決めるべき？,習慣を続ける合図の作り方,23,12
PSY-HAB-003,一日サボると習慣はリセットされる？,一日休むと習慣は途切れる？,17,13
PSY-HAB-004,『毎日やっている』と『習慣になった』は違う？,毎日の行動と習慣の違い,22,11
PSY-HAB-005,『もしXならYする』は行動を助ける？,「もし〜なら」の行動計画,18,12
PSY-HAB-006,やる気を増やすより、始める手間を減らす方がよい？,始める手間を減らす工夫,24,11
PSY-HAB-007,記録をつけるだけで行動は変わる？,記録すると行動は変わる？,16,12
PSY-HAB-008,行動にご褒美をつけると、続くのか続かなくなるのか？,ご褒美で習慣は続く？,25,10
PSY-HAB-009,引っ越しや転職は悪い習慣を変えるチャンス？,環境の変化と習慣の見直し,21,12
PSY-HAB-010,自分を縛る仕組みは先延ばしを減らす？,先延ばしを防ぐ仕組み,18,10
PSY-PER-001,性格を5つの軸で見る：ビッグファイブは何を測る？,ビッグファイブとは,24,9
PSY-PER-002,大人になってから性格は変わる？,大人になっても性格は変わる？,15,14
PSY-PER-003,内向的な人は人付き合いで不利なのか？,内向的だと人付き合いは不利？,18,14
PSY-PER-004,心配しやすい性格には長所もある？,心配しやすさに長所はある？,16,13
PSY-PER-005,まじめさと健康・仕事の成果はどう関係する？,まじめさと健康・仕事,21,10
PSY-PER-006,自分の性格を、本人と周囲は同じように見ている？,自分と他人で違う性格の評価,23,13
PSY-PER-007,場面で性格が変わるのは『本当の自分』がないから？,場面によって性格が変わる理由,24,14
PSY-PER-008,性格診断が『当たっている』と感じるのはなぜ？,性格診断が当たると感じる理由,22,14
PSY-PER-009,『繊細な人』という言葉は研究ではどう扱われる？,「繊細さ」を心理学で考える,23,13
PSY-PER-010,自信を高めることと、自分を受け入れることは同じ？,自信と自己受容の違い,24,10
PSY-MOT-001,先延ばしは時間管理の問題か、感情の問題か？,先延ばしはなぜ起きる？,21,11
PSY-MOT-002,やる気が出るのを待つより、先に少し動くべき？,やる気を待つか、先に動くか,22,13
PSY-MOT-003,自分で選んだ目標は、押し付けられた目標より続く？,自分で選んだ目標は続く？,24,12
PSY-MOT-004,目標は具体的で難しい方がよいのか？,目標は難しい方がよい？,17,11
PSY-MOT-005,成功を想像するだけで行動は増える？,成功のイメージだけで動ける？,17,14
PSY-MOT-006,完璧にやろうとするほど着手できなくなる？,完璧主義と先延ばし,20,9
PSY-MOT-007,ご褒美をもらうと好きなことまで嫌になる？,ご褒美でやる気は下がる？,20,12
PSY-MOT-008,成長マインドセットは誰に、どんな場面で役立つ？,成長マインドセットの効果,23,12
PSY-MOT-009,失敗したとき、自分に厳しい方が再挑戦できる？,失敗した自分への接し方,22,11
PSY-MOT-010,新年や月曜日にやる気が出る『フレッシュスタート』は続く？,新年のやる気は続く？,28,10
PSY-LEA-001,読み直すより思い出す練習：テスト効果を勉強に使うには？,思い出す練習で記憶は残る？,27,13
PSY-LEA-002,一夜漬けと分散学習、長く覚えられるのはどちら？,一夜漬けと分散学習,23,9
PSY-LEA-003,似た問題をまとめず、混ぜて解くと学びやすい？,問題は混ぜて解くべき？,22,11
PSY-LEA-004,人に説明するつもりで学ぶと理解は深まる？,教えるつもりで学ぶ,20,9
PSY-LEA-005,マーカーだらけのノートは勉強になる？,マーカーは勉強に役立つ？,18,12
PSY-LEA-006,『なぜそうなる？』を自分に問う学習は役立つ？,「なぜ？」と問い直す学習,22,12
PSY-LEA-007,『分かったつもり』はどうすれば見抜ける？,「分かったつもり」を見抜く,20,13
PSY-LEA-008,視覚型・聴覚型に合わせて学ぶ方法には根拠がある？,学習タイプに合わせるべき？,24,13
PSY-LEA-009,間違えてから答えを見ることにも学習効果はある？,間違えてから学ぶ効果,23,10
PSY-LEA-010,覚えた後に眠ると記憶はどう変わる？,学んだ後の睡眠と記憶,17,10
PSY-ATT-001,マルチタスクは本当に時間の節約になる？,マルチタスクは効率的？,19,11
PSY-ATT-002,通知を見ていなくても集中は途切れる？,通知だけで集中は乱れる？,18,12
PSY-ATT-003,中断した仕事に戻りにくいのはなぜ？,中断した仕事に戻りにくい理由,17,14
PSY-ATT-004,短い休憩で集中力は戻る？,短い休憩で何が回復する？,12,12
PSY-ATT-005,音楽を聴きながらの勉強は、どんなときに向く？,音楽を聴くと集中できる？,22,12
PSY-ATT-006,ぼんやりする時間は創造性に役立つ？,ぼんやりする時間と創造性,17,12
PSY-ATT-007,考え続けて疲れる『頭の疲労』は何を意味する？,頭が疲れるとはどういうこと？,22,14
PSY-ATT-008,締切が近いほど集中できるのはよいこと？,締切直前の集中はよいこと？,19,13
PSY-ATT-009,フロー状態は狙って作れる？,フロー状態は作れる？,13,10
PSY-ATT-010,瞑想の練習で集中力は改善する？,瞑想で集中力は変わる？,15,11
PSY-DEC-001,なぜ自分の意見に合う情報ばかり集めてしまう？,確証バイアスとは,22,8
PSY-DEC-002,最初に見た値段が判断の基準になる？,最初の値段が判断を変える？,17,13
PSY-DEC-003,得する喜びより損する痛みが大きいのか？,損する痛みは得する喜びより強い？,19,16
PSY-DEC-004,もう払ったお金が、やめる判断を邪魔する？,サンクコストとは,20,8
PSY-DEC-005,同じ内容でも言い方で選択は変わる？,言い方で選択が変わる心理,17,12
PSY-DEC-006,選択肢が多いほど選べなくなるのは本当？,選択肢が多いと選べなくなる？,19,14
PSY-DEC-007,未来の自分より今の自分を優先してしまうのはなぜ？,未来より今を優先する心理,24,12
PSY-DEC-008,『自分は大丈夫』と思うのはなぜ？,「自分は大丈夫」と思う理由,16,13
PSY-DEC-009,ダニング＝クルーガー効果はどこまで本当？,ダニング＝クルーガー効果とは,20,14
PSY-DEC-010,初期設定のままにするのはなぜ？デフォルト効果,初期設定を変えない心理,22,11
PSY-EMO-001,ストレスは全部悪いのか？短期反応と慢性的な負担,ストレスは全部悪い？,23,10
PSY-EMO-002,出来事の見方を変えると気分は変わる？,見方を変えると気分も変わる？,18,14
PSY-EMO-003,感情を隠すことと、感情が落ち着くことは同じ？,感情を隠すと落ち着ける？,22,12
PSY-EMO-004,考えて整理することと、考えすぎることはどう違う？,整理する思考と考えすぎ,24,11
PSY-EMO-005,感情に名前をつけると落ち着ける？,感情に名前をつける,16,9
PSY-EMO-006,ゆっくり呼吸すると緊張は下がる？,ゆっくり呼吸すると落ち着く？,16,14
PSY-EMO-007,嫌な出来事を書き出すと気持ちは軽くなる？,書き出すと気持ちは軽くなる？,20,14
PSY-EMO-008,怒りを発散すれば、怒りは収まる？,怒りは発散すれば収まる？,16,12
PSY-EMO-009,将来の幸福や後悔を、私たちは正しく予測できる？,将来の幸せを予測できる？,23,12
PSY-EMO-010,笑顔を作ると気分も変わる？表情フィードバックを検証する,笑顔を作ると気分も変わる？,27,13
PSY-MEN-001,セルフケアと専門家への相談は、どう使い分ける？,セルフケアと相談の使い分け,23,13
PSY-MEN-002,認知行動療法は『前向きに考える練習』なのか？,認知行動療法とは,22,8
PSY-MEN-003,不安なことを避け続けると、不安はどう変わる？,避け続けると不安は増える？,22,13
PSY-MEN-004,気分が落ち込んだとき、活動を増やす治療は何をする？,行動活性化とは,25,7
PSY-MEN-005,マインドフルネスはどこまで効果が確かめられている？,マインドフルネスの効果と限界,25,14
PSY-MEN-006,瞑想でかえってつらくなることはある？,瞑想でつらくなることはある？,18,14
PSY-MEN-007,仕事の燃え尽きは、普通の疲れやうつとどう違う？,燃え尽き・疲労・うつの違い,23,13
PSY-MEN-008,痛みの感じ方に、注意や期待はどう関わる？,注意や期待が痛みに与える影響,20,14
PSY-MEN-009,『効くと思う』ことで何が変わる？プラセボとノセボ,プラセボとノセボ,24,8
PSY-MEN-010,心の健康アプリやAI相談は専門家の代わりになる？,AI相談は専門家の代わりになる？,24,16
PSY-REL-001,友人の多さと健康は、どう関係している？,友人の多さと健康の関係,19,11
PSY-REL-002,一人でいることと孤独を感じることは違う？,一人の時間と孤独の違い,20,11
PSY-REL-003,助けてもらえる感覚と、実際に受けた助けは同じ効果？,支えられている感覚の意味,25,12
PSY-REL-004,話を聞いてもらうと、なぜ安心できる？,話を聞いてもらうと安心する？,18,14
PSY-REL-005,自分のことを話すと距離は縮まる？,自分の話をすると距離は縮まる？,16,15
PSY-REL-006,相手が喜んでいるとき、どんな反応が関係を育てる？,相手の喜びをどう受け止める？,24,14
PSY-REL-007,断ることが苦手な人に、アサーションは役立つ？,断るためのアサーション,22,11
PSY-REL-008,恋愛の愛着スタイルは一生変わらない？,愛着スタイルは変わる？,18,11
PSY-REL-009,謝れば許される？信頼を取り戻す謝罪の条件,信頼を取り戻す謝罪の条件,20,12
PSY-REL-010,対立のとき、相手の立場を想像するだけで分かり合える？,相手の立場を想像すれば分かる？,26,15
PSY-SOC-001,『みんながやっている』と聞くと行動が変わる？,「みんながしている」の効果,22,13
PSY-SOC-002,周囲に合わせてしまうのは、判断力が弱いから？,周囲に合わせるのはなぜ？,22,12
PSY-SOC-003,人が多いほど助けてもらえない？傍観者効果の条件,傍観者効果が起きる条件,23,11
PSY-SOC-004,第一印象が他の評価まで引っ張る？ハロー効果,第一印象とハロー効果,21,10
PSY-SOC-005,自分の失敗は事情のせい、他人の失敗は性格のせい？,失敗の理由をどう判断する？,24,13
PSY-SOC-006,自分はみんなに見られている？スポットライト効果,スポットライト効果とは,23,11
PSY-SOC-007,見慣れたものを好きになるのはなぜ？単純接触効果,見慣れると好きになる心理,23,12
PSY-SOC-008,強く説得されると、かえって反発したくなる？,説得されるほど反発する理由,21,13
PSY-SOC-009,チームの『言いにくさ』は仕事の質に影響する？,職場の心理的安全性,22,9
PSY-SOC-010,有名な社会的プライミング研究はどこまで再現した？,社会的プライミングの再現性,24,13
PSY-WEL-001,幸福は『今の気分』と『人生への満足』で違う？,幸福感と満足度の違い,22,10
PSY-WEL-002,よかったことを書き留める習慣は気分に役立つ？,感謝を書くと気分は変わる？,22,13
PSY-WEL-003,よいことにも慣れる：快楽順応は避けられる？,うれしさはなぜ薄れる？,21,11
PSY-WEL-004,物を買うのと経験を買うのでは、満足度が違う？,物と経験、どちらを買う？,22,12
PSY-WEL-005,お金が増えれば幸福も増える？,収入が増えると幸せになる？,14,13
PSY-WEL-006,人のために何かすると、自分も幸福になる？,人のために使うお金と幸福,20,12
PSY-WEL-007,他人と比べるほど満足しにくくなる？,他人と比べるとつらくなる？,17,13
PSY-WEL-008,人生の意味を感じることは健康と関係する？,人生の意味と健康の関係,20,11
PSY-WEL-009,自由時間が多ければ多いほど幸せなのか？,自由時間は多いほどいい？,19,12
PSY-WEL-010,自然の中で過ごすと気分はよくなる？,自然の中で過ごす効果,17,10
PSY-EXE-001,一度体を動かすだけでも気分は変わる？,一度の運動で気分は変わる？,18,13
PSY-EXE-002,運動はうつや不安のケアでどんな役割を持つ？,運動と心のケア,21,7
PSY-EXE-003,散歩程度の運動にも意味はある？,散歩でも運動になる？,15,10
PSY-EXE-004,座りっぱなしを中断すると何が変わる？,座りっぱなしを中断する効果,18,13
PSY-EXE-005,夜の運動は睡眠を妨げるのか？,夜の運動と睡眠,14,7
PSY-EXE-006,運動を続けるには、楽しさと達成感のどちらが大事？,運動の楽しさと達成感,24,10
PSY-EXE-007,一人で運動するのと仲間と行うのでは続けやすさが違う？,仲間と運動すると続く？,26,11
PSY-EXE-008,筋力トレーニングは気分や自己評価にも関係する？,筋トレと気分・自己評価,23,11
PSY-EXE-009,運動すると頭も働きやすくなる？,運動で頭は働きやすくなる？,15,13
PSY-EXE-010,休むことへの罪悪感は、運動の継続を妨げる？,休むことへの罪悪感,21,9
PSY-NUT-001,ストレスを感じると食べたくなるのはなぜ？,ストレスで食べたくなる理由,20,13
PSY-NUT-002,超加工食品は、なぜ食べすぎにつながる可能性がある？,超加工食品と食べすぎ,25,10
PSY-NUT-003,スマホやテレビを見ながら食べると量は変わる？,ながら食べと食事量,22,9
PSY-NUT-004,ゆっくり食べると満腹になりやすい？,ゆっくり食べると満腹になる？,17,14
PSY-NUT-005,食べ物が見える場所にあると、つい手が伸びる？,見える食べ物に手が伸びる理由,22,14
PSY-NUT-006,睡眠不足と空腹感はどう関係する？,睡眠不足と空腹感,16,8
PSY-NUT-007,食生活の改善は気分のケアにも役立つ？,食生活と気分の関係,18,9
PSY-NUT-008,腸内細菌で性格や気分は変わる？人の研究を読む,腸内細菌で気分は変わる？,22,12
PSY-NUT-009,空腹や満腹に注意を向ける食べ方には根拠がある？,空腹や満腹に気づく食べ方,23,12
PSY-NUT-010,厳しすぎる食事ルールは、かえって続きにくい？,厳しい食事ルールは続く？,22,12
PSY-DEV-001,子どもを褒めるとき、才能と取り組み方で違いはある？,子どもは何を褒めるとよい？,25,13
PSY-DEV-002,マシュマロを待てる子は将来成功する、は本当？,マシュマロ実験で分かること,22,13
PSY-DEV-003,子どもの自制心は、どのように育つ？,子どもの自制心の育ち方,17,11
PSY-DEV-004,子どもの強い感情を、大人はどう支えられる？,子どもの強い感情を支える,21,12
PSY-DEV-005,幼い頃の愛着が、その後の人間関係を決める？,幼少期の愛着とその後の関係,21,13
PSY-DEV-006,読み聞かせでは、本の量と会話の質のどちらが重要？,読み聞かせの量と会話の質,24,12
PSY-DEV-007,子どもの画面時間は、長さだけで判断してよい？,子どもの画面時間の考え方,22,12
PSY-DEV-008,思春期に夜型になるのは生活態度だけの問題？,思春期に夜型になる理由,21,11
PSY-DEV-009,いじめが心身に及ぼす影響と、周囲にできる支援,いじめの影響と周囲の支援,22,12
PSY-DEV-010,子どもだけでなく、保護者の支援も大切なのはなぜ？,保護者への支援が大切な理由,24,13
PSY-AGE-001,年齢を重ねると、すべての知的能力が下がる？,加齢と知的能力の変化,21,10
PSY-AGE-002,脳トレで伸びるのはゲームの点数だけ？,脳トレの効果はどこまで？,18,12
PSY-AGE-003,認知機能のケアは、一つの習慣より組み合わせが重要？,認知機能を支える生活習慣,25,12
PSY-AGE-004,聞こえにくさは会話や認知機能にどう関わる？,聞こえにくさと認知機能,21,11
PSY-AGE-005,学び続けることは認知機能の予備力になる？,学び続けることと認知予備力,20,13
PSY-AGE-006,年齢を重ねた後の社会参加にはどんな意味がある？,年齢を重ねてからの社会参加,23,13
PSY-AGE-007,加齢による睡眠の変化と、相談した方がよい不眠は違う？,加齢による睡眠の変化,26,10
PSY-AGE-008,家族を支える人の心身をどう守る？,介護する人の心身を守る,16,11
PSY-AGE-009,年齢とともに感情の扱い方は変わる？,加齢で感情の扱い方は変わる？,17,14
PSY-AGE-010,忘れないためにメモや通知を使うと記憶力は衰える？,メモを使うと記憶力は落ちる？,24,14
PSY-DIG-001,SNSを使うと幸福度が下がる、はどこまで本当？,SNSで幸福度は下がる？,23,12
PSY-DIG-002,SNSは見るだけと交流する使い方で違う？,SNSを見るだけと交流の違い,20,14
PSY-DIG-003,不安なニュースを見続けてしまうのはなぜ？,不安なニュースを見続ける理由,20,14
PSY-DIG-004,デジタルデトックスは気分や生活を改善する？,デジタルデトックスの効果,21,12
PSY-DIG-005,見逃すのが怖い：FOMOはどう測られる？,見逃す不安とFOMO,20,10
PSY-DIG-006,無限スクロールや自動再生は、やめどきを変える？,無限スクロールをやめにくい理由,23,15
PSY-DIG-007,会話中にスマホを見ると、相手はどう感じる？,会話中のスマホと相手の気持ち,21,14
PSY-DIG-008,オンラインの嫌な交流から心を守るには？,オンラインの嫌な交流への対処,19,14
PSY-DIG-009,何度も見る情報は本当らしく感じる？,繰り返す情報が本当らしく見える理由,17,17
PSY-DIG-010,夜のスマホと睡眠は、ブルーライトだけの問題？,夜のスマホは光だけの問題？,22,13
PSY-RES-001,『関係がある』は『原因である』とは違う,相関と因果の違い,19,8
PSY-RES-002,心理学の研究はなぜ追試が必要なのか？,追試とは何か,18,6
PSY-RES-003,『有意差あり』でも日常で実感できる効果とは限らない？,効果量の読み方,26,7
PSY-RES-004,メタ分析なら結論を信じてよい？,メタ分析の読み方,15,8
PSY-RES-005,p値0.05は『95％の確率で正しい』という意味？,p値0.05の意味,25,9
PSY-RES-006,効果があった研究ばかりが目立つのはなぜ？,出版バイアスとは,20,8
PSY-RES-007,マウスで効いた方法は、人にも効く？,動物研究は人にも通じる？,17,12
PSY-RES-008,海外の大学生の研究は、日本の生活にも当てはまる？,海外の研究は自分にも通じる？,24,14
PSY-RES-009,論文に訂正や撤回が出たら、記事はどう更新すべき？,論文の訂正・撤回を確認する,24,13
PSY-RES-010,自分に合う習慣を試すとき、何を記録するとよい？,自分で習慣を試すには,23,10
PSY-WRK-001,在宅と出社を組み合わせると仕事の成果はどう変わる？,在宅と出社を組み合わせる効果,25,14
PSY-WRK-002,仕事を終えても頭から離れないのはなぜ？,仕事が頭から離れないとき,19,12
PSY-WRK-003,仕事のストレスは忙しさだけで決まる？,仕事のストレスは忙しさだけ？,18,14
PSY-WRK-004,頑張りに見合う評価がないと何が起きる？,努力と評価が釣り合わないとき,19,14
PSY-WRK-005,笑顔で接客し続ける仕事はなぜ疲れる？,笑顔で接客し続ける疲れ,18,11
PSY-WRK-006,仕事のやり方を自分で工夫すると満足度は上がる？,仕事の工夫と満足度,23,9
PSY-WRK-007,好きな仕事より自分に合う仕事を選ぶべき？,好きな仕事と合う仕事,20,10
PSY-WRK-008,通勤時間は睡眠や気分にどれくらい関わる？,通勤時間と睡眠・気分,20,10
PSY-WRK-009,会議が続くと仕事が進まないのはなぜ？,会議が続くと仕事が進まない理由,18,15
PSY-WRK-010,夜の仕事連絡は返さなくても負担になる？,夜の仕事連絡は負担になる？,19,13
PSY-WRK-011,実績があっても自信が持てない：インポスター感とは？,実績があっても自信がない,25,12
PSY-WRK-012,仕事に熱中することと働きすぎをやめられないことは違う？,仕事への熱中と働きすぎの違い,27,14
PSY-WRK-013,週4日勤務は休みが増えるだけでなく健康にも影響する？,週4日勤務と心身の健康,26,11
PSY-WRK-014,職場で雑談する時間には意味がある？,職場の雑談には意味がある？,17,13
PSY-MON-001,家事を外注して時間を買うと幸福度は上がる？,時間を買うと幸福は増える？,21,13
PSY-MON-002,キャッシュレスだと現金より使いすぎる？,キャッシュレスで使い過ぎる？,19,14
PSY-MON-003,同じお金なのにボーナスだけ使いやすいのはなぜ？,ボーナスを使いやすい心理,23,12
PSY-MON-004,買うときに支払いの痛みを感じるのはなぜ？,お金を払うときの痛み,20,10
PSY-MON-005,疲れた夜に衝動買いしやすくなる？,疲れた夜は衝動買いしやすい？,16,14
PSY-MON-006,お金の心配は考える余裕を奪う？,お金の心配と考える余裕,15,11
PSY-MON-007,パートナーとお金の話が難しいのはなぜ？,パートナーとお金の話をする,19,13
PSY-MON-008,使わないサブスクを解約できないのはなぜ？,使わないサブスクを続ける理由,20,14
PSY-MON-009,期間限定や残りわずかに弱いのはなぜ？,「残りわずか」に弱い理由,18,12
PSY-MON-010,無料が魅力的すぎるのはなぜ？,無料が魅力的に見える理由,14,12
PSY-MON-011,自分の持ち物を高く評価するのはなぜ？,自分の物を高く評価する心理,18,13
PSY-MON-012,最高の買い物を探し続けるほど満足しなくなる？,最高の買い物を探し続ける心理,22,14
PSY-MON-013,贈る側が喜ばれると思う物と欲しい物は違う？,贈りたい物と欲しい物の違い,21,13
PSY-MON-014,借金と心の健康はどう関係する？,借金と心の健康の関係,15,10
PSY-INT-001,長続きする関係は性格の相性で予測できる？,性格の相性で関係は予測できる？,20,15
PSY-INT-002,二人で新しいことをすると関係は変わる？,二人で新しいことをする効果,19,13
PSY-INT-003,性的な頻度が多いほど満足度は高い？,性行為の頻度と満足度,17,10
PSY-INT-004,親密になりたい頻度が違うとき、どう考える？,親密さを求める頻度が違うとき,21,14
PSY-INT-005,親しい相手とも希望や境界を言葉にした方がよい？,親しい相手に希望を伝える,23,12
PSY-INT-006,家事の不満は作業時間より考える負担から生じる？,家事の「考える負担」とは,23,12
PSY-INT-007,睡眠不足の日はパートナーと衝突しやすい？,睡眠不足とパートナーとの衝突,20,14
PSY-INT-008,SNSで相手を確認し続けると安心できる？,SNSで相手を確認する心理,20,13
PSY-INT-009,似た者同士と正反対の二人、どちらが合う？,似た者同士と正反対の相性,20,12
PSY-INT-010,恋人がいないことと不幸であることは同じ？,恋人がいないと不幸なのか,20,12
PSY-INT-011,子どもが生まれると夫婦関係はどう変わる？,子どもの誕生と夫婦関係,20,11
PSY-INT-012,運命の相手という考え方は関係を助ける？,運命の相手という考え方,19,11
PSY-HPS-001,月経前の気分変化はどう記録すると理解しやすい？,月経前の気分の変化を記録する,23,14
PSY-HPS-002,更年期の睡眠や気分の変化には何が関係する？,更年期の睡眠と気分,21,9
PSY-HPS-003,緊張するとお腹が痛くなるのは気のせい？,緊張するとお腹が痛くなる理由,19,14
PSY-HPS-004,心臓のドキドキを気にすると不安が強くなる？,動悸が気になると不安は増える？,21,15
PSY-HPS-005,見た目を他人と比べると自分の体の評価は変わる？,見た目の比較と体の評価,23,11
PSY-HPS-006,自分の体を好きになれないとき、無理に肯定すべき？,自分の体を無理に肯定すべき？,24,14
PSY-HPS-007,ストレスがたまると風邪をひきやすくなる？,ストレスと風邪の関係,20,10
PSY-HPS-008,副作用の説明を読むと症状が気になりやすくなる？,副作用の説明と症状への注意,23,13
PSY-HPS-009,症状を検索するほど心配になるのはなぜ？,症状を検索するほど心配になる理由,19,16
PSY-HPS-010,症状がないと健康上の注意を続けにくいのはなぜ？,症状がないと予防を続けにくい理由,23,16
PSY-HPS-011,薬や通院を忘れることと、続けたくないことは違う？,通院や服薬を続けにくい理由,24,13
PSY-HPS-012,リスクが半減という説明は、何人減るという説明と同じ？,「リスクが半減」の読み方,26,12
PSY-ENV-001,暑い部屋では考える力や集中は変わる？,暑い部屋では集中しにくい？,18,13
PSY-ENV-002,換気の悪い会議室では判断が鈍る？,換気の悪い部屋と判断力,16,11
PSY-ENV-003,慣れた騒音でも睡眠やストレスに影響する？,騒音に慣れても影響はある？,20,13
PSY-ENV-004,オープンなオフィスは会話を増やし集中を妨げる？,オープンオフィスと会話・集中,23,14
PSY-ENV-005,近所に緑が増えると住民の気分は変わる？,近所の緑と住民の気分,19,10
PSY-ENV-006,散らかった部屋は本当に集中を妨げる？,散らかった部屋は集中を妨げる？,18,15
PSY-ENV-007,においで昔の記憶がよみがえるのはなぜ？,においで記憶がよみがえる理由,19,14
PSY-ENV-008,窓のある部屋や日中の明るさは生活にどう関わる？,窓や日中の明るさの影響,23,11
PSY-ENV-009,安心できる触れ合いはストレスや痛みに関係する？,安心できる触れ合いの効果,23,12
PSY-ENV-010,部屋の色だけで集中力や気分は変えられる？,部屋の色で気分は変わる？,20,12
PSY-ENV-011,混雑した場所が疲れるのはなぜ？,混雑した場所で疲れる理由,15,12
PSY-ENV-012,自然の音を流すとリラックスできる？,自然の音でリラックスできる？,17,14
PSY-CRE-001,歩きながら考えるとアイデアは出やすくなる？,歩くとアイデアは出やすい？,21,13
PSY-CRE-002,知りたいと思ったことは覚えやすい？,好奇心があると覚えやすい？,17,13
PSY-CRE-003,退屈を避けて動画を次々替えると、もっと退屈になる？,動画を替えるほど退屈になる？,25,14
PSY-CRE-004,壮大な景色や音楽で圧倒される感覚には意味がある？,圧倒される景色と畏敬の感情,24,13
PSY-CRE-005,行き詰まった問題をいったん離れると解ける？,問題から離れると解ける？,21,12
PSY-CRE-006,アイデアを多く出す力と、よい案を選ぶ力は同じ？,案を出す力と選ぶ力,23,9
PSY-CRE-007,楽器や歌を趣味にすることは心の健康に関係する？,音楽の趣味と心の健康,23,10
PSY-CRE-008,大人が遊ぶ時間にはどんな価値がある？,大人が遊ぶ時間の価値,18,10
PSY-CRE-009,笑いで気分を切り替える方法には向き不向きがある？,笑いで気分を切り替える,24,11
PSY-CRE-010,懐かしさを感じると孤独や不安は変わる？,懐かしさと孤独・不安,19,10
PSY-CRE-011,制約がある方がアイデアを出しやすい？,制約があると案は出やすい？,18,13
PSY-CRE-012,皆で話すより、先に一人で案を書く方がよい？,会議の前に一人で案を書く,21,12
PSY-LAN-001,大人になってから外国語を学ぶのは遅い？,大人の語学学習は遅い？,19,11
PSY-LAN-002,二つの言語を話すと認知能力が高くなる？,二言語を話すと認知力は高まる？,19,15
PSY-LAN-003,外国語で考えると判断や感情は変わる？,外国語で考えると判断は変わる？,18,15
PSY-LAN-004,頭の中で言葉を使って考える量は人によって違う？,頭の中の言葉には個人差がある？,23,15
PSY-LAN-005,身ぶりを使って説明すると理解や記憶は変わる？,身ぶりと理解・記憶,22,9
PSY-LAN-006,話し方や訛りだけで信頼性を判断してしまう？,話し方だけで信頼を判断する心理,21,15
PSY-LAN-007,文字のメッセージはなぜ冷たく受け取られる？,文字の会話が冷たく見える理由,21,14
PSY-LAN-008,話が上手いより質問が上手い方が好かれる？,質問が上手いと好かれる？,20,12
PSY-LAN-009,知らない人との短い会話は気分を変える？,知らない人との短い会話の効果,19,14
PSY-LAN-010,説明が伝わったか確かめるには、分かりましたかで十分？,「分かりましたか」で確かめられる？,26,17
PSY-LAN-011,自分への言葉を少し他人行儀にすると落ち着ける？,自分に他人のように話しかける,23,14
PSY-LAN-012,数字より一人の体験談が心に残るのはなぜ？,数字より体験談が心に残る理由,20,14
PSY-LIF-001,悲しみは決まった順番で乗り越えるもの？,悲しみには決まった順序がある？,19,15
PSY-LIF-002,失業がつらいのは収入が減るからだけ？,失業のつらさは収入だけの問題？,18,15
PSY-LIF-003,退職すると心身は楽になるのか、張り合いがなくなるのか？,退職後の心身と張り合い,27,11
PSY-LIF-004,引っ越しで生活満足度や人間関係はどう変わる？,引っ越しと生活満足度,22,10
PSY-LIF-005,子どもが独立した後の寂しさにはどんな個人差がある？,子どもの独立後の寂しさ,25,11
PSY-LIF-006,別れた後、振り返ることと考え続けることはどう違う？,別れを振り返ることと考えすぎ,25,14
PSY-LIF-007,家族の病気で先の喪失を心配する気持ちをどう理解する？,家族を失う前の悲しみ,26,10
PSY-LIF-008,ストレス対処は一つの得意技より使い分けが大切？,ストレス対処の使い分け,23,11
PSY-LIF-009,つらい経験をすると必ず成長できる？,つらい経験で必ず成長する？,17,13
PSY-LIF-010,孤独を減らすには、会う人を増やすだけで十分？,人に会えば孤独は減る？,22,11
PSY-LIF-011,病気やけがで以前のようにできなくなったとき、目標をどう変える？,病気やけがの後の目標の見直し,31,14
PSY-LIF-012,新しい学校や職場で自分だけ浮いていると感じるのはなぜ？,新しい環境で浮いていると感じる理由,27,17
